Nome,Email,Idade,Cidade,Profissão
Rafaela Cardoso,nascimentolorena@pires.org,57,Moraes,Atuário
Davi Luiz Gonçalves,luiz-miguel21@cavalcanti.com,23,da Mata do Norte,Cadeirinha
Ana Jesus,silvathomas@oliveira.br,38,Azevedo Verde,Soldador
André Ferreira,ana-julia52@hotmail.com,32,Fernandes da Serra,Tabelião
Isabel Rezende,cunhaanthony@ferreira.com,66,Azevedo,Cadeirinha
Gabrielly Pereira,maria-cecilia20@yahoo.com.br,31,Peixoto,Cartógrafo
Valentina da Mata,ypeixoto@gmail.com,48,Monteiro de Nascimento,Hostess
Marcela Novaes,moreiramilena@gmail.com,19,Gomes do Sul,Otorrinolaringologista
Ana Júlia Moraes,breno82@uol.com.br,59,Silva do Campo,Geriatra
Fernanda da Cruz,isaaccaldeira@uol.com.br,70,Lopes da Praia,Procurador de justiça
Antônio da Rosa,hazevedo@gomes.net,49,Nunes,Designer gráfico
Sophie Silveira,joao-miguel21@mendes.br,50,Cardoso do Sul,Confeiteiro
Matheus da Conceição,rafael42@souza.org,55,Alves de Ferreira,Corregedor de justiça
Dra. Ana Julia da Mata,portorafael@gmail.com,30,Rezende do Campo,Mestre cervejeiro
Alexandre Duarte,anada-cruz@gmail.com,37,Oliveira,Contabilista
Dra. Nicole Monteiro,da-motajoao-gabriel@gomes.com,43,Costa,Homeopata
Daniela Alves,barrosenzo@sales.net,21,Teixeira,Tintureiro
Dr. Marcelo Rodrigues,moraesfrancisco@santos.org,30,Araújo de Duarte,Vigilante noturno/diurno
Agatha Peixoto,gabrielly96@cunha.net,37,da Cunha,Continuista
Stella Almeida,maria-vitoria49@da.com,69,Teixeira de Ribeiro,Angiologista
Heloísa Barbosa,julianarezende@bol.com.br,55,Viana,Cumim
Dr. Antônio Peixoto,gsantos@ferreira.br,48,da Conceição de Minas,Cinegrafista
Emanuelly Gomes,benjaminfarias@da.com,30,Mendes do Campo,Lancheiro
Dr. Marcos Vinicius Barros,maysa02@teixeira.br,51,da Paz da Prata,Líder comunitário
Ana Vitória Castro,cavalcantimurilo@gmail.com,21,Carvalho,Designer de produto ou desenhista industrial
Luiz Miguel Jesus,omoura@almeida.br,48,Nascimento de Minas,Ginasta artística
Luiz Miguel Martins,freitasluiz-fernando@freitas.com,69,Barbosa,Engenheiro físico
Murilo da Paz,alexia14@bol.com.br,18,da Luz,Cabeleireiro
João Lucas Pereira,lucas87@goncalves.net,28,Duarte,Neurocirurgião
Milena Aragão,joana05@rezende.br,69,Correia de da Luz,Sonoplasta
Olivia Pereira,otavio28@uol.com.br,28,Nunes,Músico
Maria Alice Souza,bernardo89@bol.com.br,61,Melo,Engenheiro de computação
Vitor Hugo da Costa,miguel85@rodrigues.net,36,Vieira dos Dourados,Ascensorista
Luiza Ribeiro,ana-sophia03@yahoo.com.br,23,da Mota,Tecnólogo em automação industrial
Sra. Raquel Castro,yago99@da.br,70,da Paz do Sul,Jogador de golfe
Srta. Luiza da Cunha,eduardocaldeira@bol.com.br,66,Souza,Navegador
Sra. Sophia Ribeiro,emanuella84@da.br,66,Martins,Coordenador
Dr. João Lucas Lima,catarina36@porto.com,44,Oliveira das Flores,Lanterneiro
Maysa Pereira,heitormonteiro@ig.com.br,30,Teixeira do Oeste,Médico legista
Dr. Thiago Carvalho,pedro-miguel49@mendes.com,70,Silva,Ufólogo
Dra. Nina Ramos,jgoncalves@hotmail.com,53,Cunha,Técnico em edificações
Davi Lucca Moreira,rafaelmelo@gmail.com,33,Monteiro,Engenheiro mecânico
João Cardoso,ana-laura39@nunes.br,28,Vieira de Teixeira,Broker/Corretor da bolsa de valores
Pedro Miguel Aragão,carlos-eduardo19@rodrigues.br,44,Lima,Engenheiro acústico
Alexandre Costela,vianajoao-pedro@uol.com.br,34,Porto,Investigador de Polícia
Nicole Melo,juliamoreira@mendes.com,48,Moraes da Prata,Locutor
Sra. Ana Luiza Aragão,eduarda74@freitas.com,57,Monteiro de Nogueira,Odontologista estético
Sophia Mendes,brendalopes@yahoo.com.br,51,da Rosa da Prata,Sacoleira
Lavínia Moraes,costarebeca@yahoo.com.br,19,Nogueira,Engenheiro de produto ou produção
Eloah Teixeira,ramosmelissa@nunes.net,44,Santos,Educador integrado à saúde pública
Davi Pinto,hcardoso@da.br,44,Alves,Intérprete e tradutor de língua de sinais
Mirella Novaes,noah63@duarte.br,61,Ribeiro do Amparo,Mensageiro
Dra. Eloah Cardoso,qpeixoto@pereira.com,61,Novaes,Engenheiro de som
Levi Gomes,noahalmeida@correia.org,50,Moura das Flores,Instrutor
Srta. Lívia Almeida,da-rosaluana@gmail.com,56,da Rocha,Windsurfer
Isabel Cardoso,erickda-luz@da.org,43,Farias,Geriatra
Fernanda Oliveira,aragaocalebe@uol.com.br,44,da Cunha das Flores,Meredeira
Pedro Rodrigues,camposdavi@uol.com.br,55,Caldeira de Cunha,Técnico em desporto
Pedro Lucas Rezende,francisco23@jesus.br,35,Sales Paulista,Hematologista
João Alves,castrojoao@ig.com.br,62,Melo das Pedras,Clap loader
Isis Oliveira,diaseduardo@araujo.br,38,Dias das Pedras,Alpinista
Dr. Otávio Dias,raquel14@pereira.br,32,da Cunha da Prata,Torneiro mecânico
Sr. Davi Lucas Viana,pietroferreira@yahoo.com.br,44,Cardoso da Prata,Apresentador
Francisco Rodrigues,ffarias@bol.com.br,35,Freitas,Bioquímico
Isabella Nogueira,santosnoah@da.com,22,Freitas,Catador de material reciclável
Juliana Peixoto,cramos@da.br,57,Porto,Fotógrafo
Ana Sophia Correia,hbarbosa@aragao.br,64,da Cunha Verde,Co-piloto
Nathan Silva,ana-carolina07@caldeira.br,57,da Cruz Verde,Aviador
Dra. Daniela da Costa,goncalvesleticia@yahoo.com.br,42,Monteiro da Mata,Embalsamador
Pedro Duarte,ferreirabruna@gmail.com,62,Porto da Praia,Taxidermista/Embalsamador
João Gabriel Farias,luizada-rocha@bol.com.br,60,Costela,Maestro
Giovanna Barbosa,icunha@nascimento.net,48,Castro Paulista,Afiador de ferramentas
Nicolas da Mata,sarah37@uol.com.br,61,Campos do Campo,Conferente de expedição
Clarice Cavalcanti,almeidagustavo@santos.com,38,Barros do Galho,Guitarrista
Luiza Campos,kpeixoto@fogaca.org,49,Lopes da Mata,Meteorologista
João Vitor Cardoso,lucca48@jesus.com,22,Moura,Psicólogo
Cauê Araújo,peixotopietro@bol.com.br,65,Teixeira,Gestor de recursos humanos
Luigi Lopes,elisa41@gmail.com,54,Moura do Oeste,Atuário
Sr. João Pedro Rodrigues,igorda-cruz@porto.com,30,Campos,Saxofonista
Heitor Cunha,goncalvesmaria-clara@pinto.com,31,Caldeira,Comprador
Ryan da Rosa,moreirahelena@da.com,56,Rocha Paulista,Peão de rodeiro
Dra. Caroline Rodrigues,da-cruzlucas-gabriel@hotmail.com,46,Porto,Ortodontista
Ana Carolina Nogueira,qpinto@ig.com.br,18,Ferreira de Rodrigues,Oftalmologista
Eloah Alves,ana-beatriznunes@rezende.com,37,da Mata,Lubrificador de máquinas
Luiza Melo,cardosonathan@yahoo.com.br,19,Azevedo de Minas,Reumatologista
Sr. Guilherme da Costa,nascimentoarthur@gmail.com,40,Peixoto de Goiás,Agente de defesa sanitária
Laís Moura,inogueira@porto.com,24,Sales,Pára-quedista
Yago Dias,ianda-conceicao@nascimento.com,24,Silveira da Prata,Arranjador musical
Nicolas Almeida,nogueiraana-julia@teixeira.com,50,Oliveira,Militar do Exército
Theo Oliveira,marcelocorreia@moura.org,62,Monteiro,Fisiculturista
Raquel Monteiro,silveiramarcela@yahoo.com.br,45,Freitas,Fundidor de placa de gesso
Luiz Fernando Mendes,mourajoao-felipe@uol.com.br,40,Cavalcanti,Mãe social
Ana Júlia da Mata,juan39@bol.com.br,62,Cavalcanti de Cardoso,Maitre
Davi Luiz Dias,luizalopes@yahoo.com.br,61,Alves,Profissional de cinema
Heloísa Alves,joao-pedronovaes@correia.com,60,da Mata de Aragão,Pediatra
Ana Lopes,hribeiro@ig.com.br,48,Fernandes,Engenheiro de produto ou produção
Julia da Mota,castrojoana@uol.com.br,32,Lopes,Jornalista
Juan da Paz,samuel39@barbosa.com,25,da Cruz de Santos,Tecnólogo em navegação fluvial
Sr. Vitor Gabriel Fogaça,dlima@silveira.br,60,Freitas de Gomes,Mestre-de-obras
Srta. Carolina Rocha,aragaoantonio@bol.com.br,62,Barros da Mata,Engenheiro de materiais
Arthur Ferreira,alice01@bol.com.br,65,Moraes Paulista,Eletricista
Enzo Gabriel Sales,lopesmaria-eduarda@ig.com.br,36,Costela,Redator
Leandro Costa,leticia81@hotmail.com,34,Moura,Engenheiro civil
Bárbara Silva,aragaolucas@uol.com.br,18,Monteiro,Sacoleira
Sr. Thales Duarte,emanuelteixeira@hotmail.com,43,Duarte,Engenheiro de ergonomia
Isabella Vieira,stella19@goncalves.br,62,Correia,Guia turistico
Mariana Caldeira,juan34@teixeira.com,20,da Mata de Goiás,Contra regra
Juan Barros,sofia63@yahoo.com.br,44,da Rosa,Tecnólogo em produção Sucroalcooleira
André Pinto,rodriguesluiza@yahoo.com.br,43,Silva,Atleta de canoagem
Miguel Freitas,yasminsouza@nogueira.br,69,Jesus Grande,Técnico tributarista
Bruno da Mata,vitorgomes@gmail.com,18,da Cruz de da Cunha,Engenheiro de alimentos
Sr. Gabriel Monteiro,cnogueira@yahoo.com.br,50,Lima,Timoneiro
Maria Luiza Melo,olivia97@uol.com.br,64,Teixeira do Sul,Webdesigner
Kevin das Neves,benjaminda-mota@da.br,37,Costela,Gari
Sr. Thomas Cardoso,lpinto@aragao.com,37,Almeida do Sul,Balconista
Ian Santos,ferreirapietra@fogaca.br,19,da Cunha da Praia,Zootecnista
Guilherme Rodrigues,noahrezende@rocha.com,67,da Rosa do Norte,Piloto automobilístico
Breno Sales,gabriela31@carvalho.com,63,Rodrigues,Salgadeira
Srta. Manuela Ferreira,ana82@hotmail.com,43,Cunha,Apresentador
Sabrina Vieira,maria-fernanda09@porto.com,32,Freitas de Moura,Esteticista
Yago Barros,da-motalavinia@uol.com.br,60,da Rosa das Pedras,Técnico em higiene dentária
Nathan Fogaça,vcampos@uol.com.br,51,Correia,Paparazzo
Levi Silveira,iteixeira@alves.com,21,Oliveira,Capataz
João Vitor Costa,evieira@almeida.com,41,Castro,Servente-de-obras
Danilo Fogaça,ana-julia32@nunes.com,21,Barros do Amparo,Selecionador de pessoal
Pedro Henrique Lima,azevedoana-sophia@araujo.org,54,da Paz,Assistente administrativo
Miguel Ramos,frocha@hotmail.com,50,Moraes,Profissional de marketing
Felipe da Mota,hgomes@nogueira.org,42,Cavalcanti da Serra,Assistente social
Vitor Hugo Melo,erick26@hotmail.com,56,Nogueira de Minas,Agente penitenciário
Davi Teixeira,castrorafael@sales.br,66,Caldeira dos Dourados,Sacoleira
Marcos Vinicius Rodrigues,nascimentomaria-vitoria@castro.net,63,da Cunha Verde,Ambientalista
Srta. Maria Julia Cavalcanti,imoraes@bol.com.br,57,Campos de Silva,Produtor de eventos
Ana Sophia Sales,luiz-gustavocardoso@sales.br,61,Farias dos Dourados,Notário
Srta. Ana Beatriz Barbosa,barbosaleticia@carvalho.com,38,Barbosa,Seguidor de compras
Francisco Silveira,isabellacavalcanti@uol.com.br,66,Gomes,Penhorista
Caio Rodrigues,duartecarolina@gmail.com,53,Nunes,Dermatologista
Srta. Lorena Novaes,juliana95@mendes.br,22,Lima de da Conceição,Contra regra
Laura Carvalho,luanaferreira@yahoo.com.br,32,Gonçalves de Lima,Corredor de atletismo
Lavínia Carvalho,dda-mata@cardoso.com,43,Sales,Policial civil
Leonardo Silva,zgoncalves@uol.com.br,24,Monteiro,Torreiro/Torrista
Alexia Barros,kramos@costa.com,35,Gonçalves da Serra,Catador de carangueijos
Vitor Duarte,fmartins@peixoto.com,33,Melo,Balconista
Manuela Novaes,pereiraheitor@yahoo.com.br,69,Rodrigues da Praia,Biblioteconomista
Laís Ramos,uferreira@gmail.com,26,Novaes do Campo,Patologista
Luana Pinto,jda-mata@bol.com.br,39,Teixeira do Amparo,Grafologista
Rebeca Farias,agathacardoso@azevedo.com,65,Campos,Técnico em segurança do trabalho
Esther Moraes,rafaelcardoso@melo.net,47,Duarte dos Dourados,Kite-surfer
Maria Lopes,kda-cruz@ig.com.br,70,Souza dos Dourados,Rebarbador de metal
Alana Jesus,vieiraluiz-henrique@rocha.br,55,da Conceição,Cientista político
Srta. Giovanna Moreira,rodrigofogaca@gmail.com,50,Peixoto,Torreiro/Torrista
Bryan Dias,guilherme61@yahoo.com.br,64,Fogaça do Sul,Ajudante de produção
Sra. Maria Vitória Viana,lorenacastro@caldeira.net,19,Farias das Flores,Redator
Lavínia da Mata,mferreira@hotmail.com,28,Barbosa,Filósofo
Catarina Cavalcanti,miguelpires@uol.com.br,58,Fogaça,Apresentador
Bárbara Ribeiro,cardosojoaquim@bol.com.br,66,Correia do Norte,Navegador
Francisco Souza,falmeida@ig.com.br,20,da Cunha,Produtor de multimídia
Cauã Almeida,arthurrezende@hotmail.com,65,Teixeira,Gourmet
Marcela Nunes,ana-beatriz54@rocha.com,50,da Conceição,Fisioterapeuta
Thomas Cardoso,ana-beatriz19@ig.com.br,67,da Rosa do Galho,Agente penitenciário
Davi Luiz Pinto,vsouza@da.com,26,Moura de Minas,Militar do Exército
Dr. João Gabriel Alves,maria04@dias.com,46,Correia Verde,Técnico de som
Henrique Jesus,correiadavi-lucca@ramos.com,64,da Luz de Porto,Orçamentista
Sra. Valentina Rocha,fogacaeloah@gmail.com,41,da Cunha,Quitandeiro
Isabel Viana,francisco06@ig.com.br,28,Nunes,Técnico em rede
Ana Julia Lopes,hda-cruz@uol.com.br,59,Fogaça das Pedras,Cartunista
Manuela Jesus,vmonteiro@vieira.com,42,Ribeiro das Pedras,Vigia parlamentar
Isis Mendes,olivia99@almeida.org,41,Fogaça do Amparo,Pastilheiro
Joana Peixoto,vianamaria-julia@cardoso.com,63,Silveira,Massagista
Dra. Rebeca Moreira,stephany27@bol.com.br,63,Novaes,Perfusionista
Luiz Gustavo Mendes,vnunes@hotmail.com,45,Moura,Teólogo
Dr. Danilo Ribeiro,nunesvitor-hugo@bol.com.br,31,Pinto,Assistente administrativo
João Felipe da Luz,souzabernardo@hotmail.com,34,Sales do Oeste,Conferente de expedição
Sr. Luiz Otávio da Mata,wcavalcanti@das.net,63,Viana,Advogado
Dra. Camila Nogueira,jaraujo@melo.com,44,Lopes de da Mota,Marketeiro
Sr. Luiz Otávio Campos,acastro@uol.com.br,35,Nunes das Pedras,Produtor fonográfico
Dr. Pietro Silveira,nataliaramos@gmail.com,68,Azevedo,Fisiculturista
João Felipe Moreira,pintoheitor@ig.com.br,47,Ferreira Alegre,Capitão
Joana Jesus,kamillynovaes@gmail.com,27,Viana da Mata,Cobrador de pedágio
Melissa Cardoso,otavio98@uol.com.br,19,Dias de Lima,Flanelinha
Dr. Thales Pinto,da-rochamarcos-vinicius@gmail.com,33,das Neves,Apontador de mão-de-obra
Arthur Rocha,ana-liviada-costa@uol.com.br,70,Viana da Prata,Tradutor
Alícia Rezende,andreda-paz@farias.com,46,Correia de Goiás,Agricultor
Sr. Murilo da Luz,emanuella61@uol.com.br,45,Castro Grande,Agente de defesa sanitária
Kevin Araújo,rebecacosta@yahoo.com.br,54,Viana,Astronauta
Dra. Stephany Rezende,ramosisadora@melo.com,52,Novaes de Goiás,Engenheiro agrimensor
Sofia Silva,marceloporto@bol.com.br,55,Fernandes da Praia,Cadeirinha
Cauê Mendes,henriquesilveira@hotmail.com,66,Costela do Amparo,Almirante
Laura das Neves,alexandre62@uol.com.br,33,Teixeira do Campo,Engenheiro de computação
Sr. Nicolas Lopes,ryannunes@ig.com.br,59,Barros,Feirante
Srta. Alana Ramos,da-luzmaria-fernanda@carvalho.br,40,Lima do Norte,Adestrador de animais
Srta. Ana Beatriz Souza,joaonogueira@yahoo.com.br,48,Caldeira da Mata,Timoneiro
João Miguel Alves,imoura@alves.com,30,da Conceição,Headhunter
Vinicius Carvalho,joao-felipenovaes@costa.br,62,Farias,Biotecnólogo
Alexandre Oliveira,peixotoana@pereira.br,61,Mendes,Cabeleireiro
Dr. Heitor Pereira,luigida-paz@novaes.net,52,Dias,Técnico em radiologia
Marcos Vinicius Rodrigues,noahlopes@yahoo.com.br,48,Costela,Controller
Sra. Maria Julia da Costa,eduarda43@bol.com.br,33,Moraes do Campo,Anestesiologista
Henrique Porto,maysa78@viana.com,46,Pereira,Passador
Sophia Gonçalves,saleslucas@hotmail.com,49,Azevedo,Agente penitenciário
Kaique Dias,zmoreira@moreira.br,52,Peixoto,Geradorista
Pedro Rodrigues,brenocunha@ig.com.br,46,das Neves Paulista,Prefeito
Luana Martins,moreiraisaac@jesus.com,57,Novaes,Baixista
Eduarda Aragão,agathada-rosa@ig.com.br,67,Gomes Paulista,Terapeuta ocupacional
Igor Cavalcanti,luccacavalcanti@cardoso.org,36,Nogueira,Administrador público
Júlia Aragão,duartesamuel@gmail.com,35,Correia de Cavalcanti,Gravurista
Lívia Teixeira,joao-miguel64@moraes.br,31,Moreira de Barros,Pedreiro
Srta. Ana Julia da Costa,novaespietro@yahoo.com.br,43,Vieira,Petroleiro
Bernardo Costa,trezende@farias.com,24,Moura do Sul,Bioquímico
Ana Sophia Porto,lopesmaria-julia@barbosa.com,62,Teixeira do Campo,Agente de defesa sanitária
Dra. Alice Pinto,orocha@jesus.br,30,Castro do Norte,Serralheiro
Lavínia Campos,luiz-felipe98@uol.com.br,21,Moraes do Amparo,Musicoterapeuta
Bruna Correia,ncaldeira@hotmail.com,48,da Mata,Geriatra
Bryan Nunes,olivia64@bol.com.br,32,Campos de Peixoto,Forneiro
Arthur Fernandes,gabrielfogaca@gmail.com,28,da Luz de Moura,Lutador de luta livre
Sr. Luiz Otávio da Cruz,anada-conceicao@pires.br,31,Santos de Pereira,Conferente de carga e descarga
Ana Clara da Mata,kpires@yahoo.com.br,24,da Luz de Nascimento,Lavador de veículos
Thales Moreira,gustavoda-rosa@ig.com.br,53,Campos,Corretor de seguros
Luiz Otávio Fogaça,fsantos@ig.com.br,44,da Conceição do Sul,Enfermeiro
Sophie da Mata,vitoria11@bol.com.br,23,Moreira do Sul,Designer de produto ou desenhista industrial
Stephany Melo,psilveira@uol.com.br,19,Lopes,Taxidermista/Embalsamador
Amanda Castro,davivieira@da.com,37,Teixeira das Flores,Enólogo
Thomas Peixoto,da-cruzlivia@ig.com.br,69,Lopes,Médico legista
Emanuel da Cunha,oliveiraemanuella@azevedo.br,46,Azevedo,Maquiador
Henrique Ribeiro,francisco43@nogueira.com,19,Viana,Leiteiro
Davi Luiz Farias,da-cruzjoao-vitor@oliveira.br,23,Moreira,Perfumista
João Miguel Alves,vitor-hugo80@ferreira.com,34,Azevedo,Neurologista
Mariane Souza,nicolas91@ig.com.br,55,da Luz,Urbanista
Eduarda Freitas,silvayuri@aragao.br,51,Farias de Martins,Estampador de tecidos
Emanuella Sales,salesenrico@yahoo.com.br,61,Correia,Lutador de kung fu
Sr. Augusto Duarte,zalmeida@da.net,57,Ramos,Lavador de veículos
Sr. João Gabriel Costa,nunesmiguel@uol.com.br,41,Santos,Recepcionista
Maria Julia Nascimento,da-luzmaria-vitoria@gmail.com,42,Costa do Amparo,Velejador
Kevin Dias,nfreitas@hotmail.com,53,Costa Paulista,Governador
Davi Lucca Jesus,nda-cruz@uol.com.br,37,das Neves de da Cruz,Jogador de vôlei
Joaquim Fernandes,laisbarros@goncalves.br,56,Sales do Norte,Dialoguista
Fernando Nascimento,marcelasouza@silveira.br,49,Lima das Flores,Orientador educacional
Nicolas da Mota,rodriguesfrancisco@teixeira.br,54,Costela da Prata,Técnico em desporto
João Miguel Rodrigues,raquellopes@hotmail.com,25,Nunes do Amparo,Assessor parlamentar
Kaique Mendes,lopesjoao-pedro@bol.com.br,67,Viana,Implantodontista
Juan Porto,maria36@gmail.com,51,Farias,Entalhador
Paulo da Luz,moreiraclarice@sales.com,39,Duarte,Ortoptista
Sr. Luiz Gustavo da Conceição,da-rosaclara@costela.com,48,Vieira de Goiás,Paisagista
Luna Vieira,brunofernandes@yahoo.com.br,36,Pereira da Serra,Engenheiro de ergonomia
Larissa Jesus,da-conceicaoisis@costa.br,40,Peixoto,Biólogo
Henrique Araújo,qmonteiro@moreira.br,67,Peixoto,Infectologista
Larissa Fogaça,dramos@fogaca.br,29,Freitas,Engenheiro de supply chain ou logística
Maria Santos,lais89@das.com,63,Campos,Físico nuclear
Eduarda Nascimento,goncalvesbenjamin@uol.com.br,57,Sales de Minas,Tatuador
Bryan Carvalho,da-cunhajoao-vitor@hotmail.com,67,Moura Alegre,Oceanógrafo
Sr. João Pedro Porto,pedro-lucascorreia@dias.br,66,Cunha do Campo,Auxiliar de serviços gerais
Raquel da Cruz,felipe10@ig.com.br,27,Silva da Mata,Angiologista
Pedro Henrique Nogueira,rodriguesisabelly@costela.br,38,da Luz de Nogueira,Trompetista
Sr. Lucas Correia,jesusisis@uol.com.br,39,Pinto do Galho,Laboratorista
Kamilly Rodrigues,luiz-feliperezende@bol.com.br,48,Cavalcanti da Praia,Nutrologista
Nina da Cruz,clarada-mata@uol.com.br,63,Oliveira,Astrofísico
Ryan da Conceição,nicole76@gmail.com,49,Costa de da Rosa,Capitão
Nicolas Oliveira,barrosluiz-gustavo@gmail.com,26,Costa,Amolador de ferramentas
Caio Jesus,carvalhoana-beatriz@yahoo.com.br,59,Cardoso,Engenheiro de petróleo
Marcos Vinicius da Luz,camposrodrigo@carvalho.br,56,Melo do Amparo,Borracheiro
Levi da Luz,toliveira@pinto.com,50,Costa do Amparo,Engenheiro de ergonomia
Anthony Rezende,ana-beatriz10@carvalho.com,47,Castro,Designer de interiores
Vinicius Campos,leticia74@da.org,23,Araújo,Manobrista
Dr. Miguel Cunha,lazevedo@bol.com.br,64,da Mata,Metalúrgico
Luiz Felipe Nunes,juanda-luz@monteiro.net,59,Melo,Delegado
Dr. Cauã Cardoso,gabrielly48@barbosa.br,52,Souza de Monteiro,Profissional de rádio e tv
Pedro Lucas Sales,jramos@uol.com.br,70,Azevedo dos Dourados,Radialista
Pedro Henrique Nunes,luiza11@yahoo.com.br,26,Silveira de Cardoso,Co-piloto
Kaique Mendes,vitorgoncalves@silva.com,18,Nogueira,Engenheiro de controle e automação
Sr. Vicente Oliveira,luigicampos@farias.br,30,Azevedo,Timoneiro
Cecília Silva,mpires@yahoo.com.br,70,Almeida,Otorrinolaringologista
Maria Fernanda Campos,eloahcostela@nogueira.org,61,Almeida das Flores,Sacoleira
Sofia da Rocha,kmonteiro@campos.com,20,Freitas,Tecnólogo em processos químicos
Dr. Murilo Santos,mviana@duarte.br,22,Novaes das Flores,Pizzaiolo
Dra. Olivia Rodrigues,da-motalorenzo@cardoso.com,40,da Mota de Lopes,Profissional de recursos humanos
Pedro Lucas Monteiro,anthonyda-luz@gmail.com,64,Araújo,Cerimonialista
Levi Porto,lmendes@hotmail.com,27,Cavalcanti de da Paz,Lavador de veículos
Srta. Mariana Sales,camila31@da.org,41,da Cruz do Norte,Personal trainer
João Felipe Viana,bianca48@hotmail.com,42,Pinto de Aragão,Tecnólogo em rochas ornamentais
Nicolas Aragão,aragaomaria-luiza@uol.com.br,29,Ramos,Dialoguista
Valentina Costa,pedro67@uol.com.br,48,Ferreira,Engenheiro de materiais
Isaac Fogaça,zda-costa@mendes.com,47,Duarte do Galho,Papiloscopista
Daniel Rezende,ninadias@gmail.com,35,Campos,Radialista
Dra. Laís Novaes,ana-julia85@peixoto.br,53,Azevedo,Geriatra
Sra. Isis Lima,lucasmartins@hotmail.com,43,da Rosa da Mata,Corretor da bolsa de valores
Enrico da Cruz,lda-cruz@jesus.com,22,da Luz,Profissional de relações internacionais
Isadora da Paz,ubarros@bol.com.br,40,Nascimento Verde,Perfusionista
Helena Caldeira,lopesdavi-lucca@gmail.com,36,da Luz,Matemático
Augusto Cavalcanti,baraujo@goncalves.net,54,Rezende,Massoterapeuta
Maria Luiza Melo,piresfernanda@yahoo.com.br,62,Rodrigues de Barros,Advogado
Calebe Nascimento,felipepereira@monteiro.com,69,Pires,Dentista
Lucas Ramos,haragao@campos.net,58,Ramos,Diarista
Nicolas Cunha,wsilveira@nogueira.br,56,Melo,Personal trainer
Bárbara da Paz,paulocastro@gmail.com,53,Nunes das Flores,Profissional de linguística
Cecília Rezende,fsilveira@sales.net,36,da Mata,Montador de negativos
Dr. Vitor Hugo Moura,da-cunhaantonio@yahoo.com.br,51,Rezende,Gastrônomo
Fernando Jesus,elisasouza@hotmail.com,65,Fernandes,Grafologista
Lucas Gabriel Porto,xmoraes@costela.org,27,Teixeira,Soldado
Bernardo da Cruz,pedro-henrique52@martins.br,57,Costela,Costureira
Leandro Almeida,lporto@costa.com,68,Cunha dos Dourados,Investigador particular
Carolina da Rocha,nascimentoeloah@viana.org,65,Novaes,Torreiro/Torrista
Agatha da Paz,rezendemarcela@hotmail.com,32,Monteiro,Porteiro
Bianca Ramos,azevedoguilherme@gmail.com,54,da Paz,Especialista em agronegócios
Emanuelly Ferreira,esther30@da.com,66,Freitas do Campo,Grafologista
Pietro Moraes,gustavo-henrique36@yahoo.com.br,27,Pinto,Atendente
Heitor Souza,brunaazevedo@silva.com,53,Moura da Prata,Engenheiro de transportes
Vitória Fogaça,jmoreira@uol.com.br,42,Pires,Protesista
Gabriela Sales,gabrielalmeida@duarte.br,37,Ramos Verde,Ombudsman
Lívia Lima,ialmeida@teixeira.com,46,Rocha das Pedras,Instalador de painéis
Vitor Hugo Aragão,ffarias@hotmail.com,23,Campos do Amparo,Técnico em hardware
Pedro Lucas Ribeiro,piresvitor@uol.com.br,60,da Mata de Moura,Oculista
Maria Vitória Pereira,ramosbeatriz@bol.com.br,48,da Rosa,Tecnólogo em tecnologia da madeira
Olivia Rodrigues,tnogueira@nogueira.net,61,da Paz,Triatleta
Fernanda Moura,gomescaio@gmail.com,47,Ribeiro,Escritor
Vicente Mendes,jgomes@cardoso.com,29,Martins,Prensista
Dra. Clara Lopes,jsantos@gmail.com,46,Farias,Secretária
Luiz Fernando Souza,carvalhokamilly@yahoo.com.br,61,Freitas,Pneumologista
Juliana Melo,peixotovitor-gabriel@gmail.com,37,Barros,Piloto automobilístico
Ana Júlia Cardoso,luigisouza@hotmail.com,41,Fernandes,Militar da Marinha
Ana Carolina Costa,stephanycorreia@bol.com.br,49,da Mota de Gomes,Engenheiro metalúrgico
Davi Luiz Lima,emanuelda-mata@da.br,53,Cardoso do Sul,Promotor público/de justiça
Carlos Eduardo Dias,gmoura@silveira.br,66,Souza,Técnico em rede
Luiz Henrique Almeida,varaujo@bol.com.br,23,Castro,Assessor parlamentar
Maysa Farias,luanamonteiro@mendes.com,35,Freitas,Degustador
Marcela Ramos,matheus07@hotmail.com,26,Duarte das Flores,Meteorologista
Amanda Jesus,aragaoigor@alves.org,20,Cavalcanti Verde,Ventríloquo
Sofia Freitas,wcavalcanti@barbosa.net,32,Silva,Policial militar
Erick Moura,lazevedo@fogaca.org,38,Dias,Pedreiro
Enrico Jesus,clara27@ig.com.br,19,Vieira,Metalúrgico
Enzo Pereira,rcorreia@azevedo.br,38,Barros,Médico geneticista
Carolina Sales,isabellalopes@freitas.org,56,Correia,Administrador de banco de dados DBA
Gabriel Barros,maria14@almeida.com,69,Fogaça,Tecnólogo em silvicultura
Rafaela das Neves,cauanovaes@lopes.br,23,Freitas de Moreira,Engenheiro civil
Maria Cecília Araújo,joao-miguelsales@uol.com.br,48,Correia,Empresário
Eduarda Gonçalves,ana-luiza58@bol.com.br,60,Pires,Psiquiatra
Maysa Viana,kamilly70@ig.com.br,62,Monteiro de Azevedo,Gestor de qualidade
Juan Cavalcanti,erodrigues@carvalho.net,31,da Rocha,Engenheiro de iluminação
Luiza Monteiro,moraeslais@costa.net,33,Rodrigues do Campo,Caldeireiro
Nina Moraes,nda-rosa@castro.net,27,Araújo,Flanelinha
Matheus da Cunha,pedroda-costa@hotmail.com,34,Lopes do Campo,Babysitter
Raquel Freitas,vianajoao-vitor@santos.com,47,Fernandes Grande,Office-boy
Emanuel Araújo,costarenan@moura.br,65,Pinto de Ramos,Tesoureiro
Stella da Conceição,jfogaca@pires.net,65,Alves do Sul,Radiologista
Juliana Novaes,opereira@bol.com.br,35,Dias da Mata,Auditor
Rodrigo das Neves,lucas-gabrielda-costa@silveira.br,18,Castro do Amparo,Continuista
Heloísa Moraes,rochajulia@yahoo.com.br,24,Freitas,Cobrador de pedágio
Marcos Vinicius Pinto,stella62@da.br,60,Cavalcanti,Somelier
Pietra Duarte,santosbryan@santos.com,18,Duarte do Galho,Guardador de veículos
Davi Lucca da Mata,yda-rosa@ig.com.br,29,Ferreira da Mata,Carteiro
Sra. Maria Luiza Caldeira,isabellasilva@gmail.com,58,Vieira,Tecnólogo em silvicultura
Erick Carvalho,kpeixoto@bol.com.br,31,Farias da Serra,Peão de rodeiro
Henrique Cardoso,luiz-henriquesilva@ramos.br,48,Oliveira Paulista,Engenheiro civil
Yasmin Jesus,azevedolarissa@gmail.com,33,Castro de Caldeira,Fundidor
Cauã Porto,da-costadavi-lucca@uol.com.br,45,Cavalcanti do Campo,Ceramista
Julia Silveira,tpereira@uol.com.br,60,Cardoso,Astronauta
Benjamin Moura,enrico69@pinto.br,60,Melo de Goiás,Telegrafista
Cecília Dias,maite19@uol.com.br,18,Viana,Sargento
Benjamin Pires,ramosluiza@nogueira.br,42,Moraes Verde,Profissional de reciclagem
Sra. Sofia Rodrigues,souzalevi@ramos.br,37,Porto,Programador
Maria Cecília Melo,srocha@fernandes.br,35,Costa,Fundidor de placa de gesso
Heloísa Pereira,camilacunha@gmail.com,38,Pereira de Minas,Engenheiro elétrico
Enzo Gabriel Fogaça,bbarbosa@moraes.br,47,da Rocha,Radiooperador de vôo
Bruno Jesus,gabriel69@sales.net,29,Gomes,Ginasta rítmica
Julia Teixeira,rribeiro@gmail.com,63,da Mata de Peixoto,Cortador de cana-de-açucar
Gustavo Souza,coliveira@gmail.com,60,Nunes do Campo,Orientador educacional
Isadora da Cunha,mfarias@da.com,64,Pinto,Engenheiro civil
Dr. Davi Vieira,gjesus@gmail.com,35,Lopes,Supervisor
Marina da Cruz,csouza@ig.com.br,34,Costela Paulista,Ceramista
Kaique Pinto,yurinunes@bol.com.br,24,Rocha de da Paz,Fundidor
Alana da Paz,kaique00@cavalcanti.com,49,Pires,Técnico em agropecuária
Paulo Pereira,lavinia64@barbosa.br,66,da Paz do Amparo,Advogado
Ana Luiza Freitas,zrodrigues@hotmail.com,40,Nascimento da Prata,Historiador
Davi Lucas Freitas,aaraujo@pinto.com,19,Fogaça,Músico
Luiz Felipe Ribeiro,pereiracamila@bol.com.br,42,Cavalcanti,Governanta
Diego Monteiro,edas-neves@dias.br,24,Dias,Artesão
Diogo Nunes,eda-rosa@gmail.com,68,Cavalcanti,Conferente de recebimento
Levi Santos,rcastro@viana.com,32,Caldeira de Peixoto,Florista
Manuela Dias,thomas08@hotmail.com,49,Barbosa,Amolador de ferramentas
Danilo Sales,caroline70@ramos.com,60,Dias,Guincheiro
Cauã Ferreira,goncalvesmilena@da.com,26,Moura,Engenheiro de energia
Rafael da Cruz,vcostela@martins.br,53,da Conceição de Correia,Enfermeiro
Ian Rocha,voliveira@nunes.com,35,Araújo de Goiás,Ator
Dr. João Felipe Dias,nataliafreitas@rocha.com,67,Araújo de Melo,Pedicure
Sr. Benício Mendes,pedro-lucasda-cruz@yahoo.com.br,50,da Paz de Rezende,Amolador de ferramentas
Maitê Lima,piresnathan@bol.com.br,67,Viana de Nogueira,Eletricista de automóveis
Olivia Cavalcanti,qda-costa@lima.com,51,Monteiro,Atleta de tiro com arco
Guilherme Nogueira,joaquim71@moraes.org,46,Pires,Engenheiro metalúrgico
Sabrina da Rosa,da-pazmirella@goncalves.net,41,Peixoto do Amparo,Agente comunitário de saúde
Marcelo Sales,gustavocaldeira@fernandes.com,64,Carvalho de Araújo,Aviador
Pietro Costela,thiagomoraes@bol.com.br,48,Caldeira de Ribeiro,Avalista
Sofia Pinto,ifarias@hotmail.com,45,Lima,Contábil
Bianca da Cruz,yda-mota@uol.com.br,18,Barros do Campo,Cantor
Leonardo Farias,anamendes@uol.com.br,37,Nascimento de Minas,Chapeiro
Rodrigo Fernandes,dpinto@costa.org,65,Rodrigues do Galho,Violonista
João Felipe Dias,julianada-conceicao@barros.br,51,Gonçalves Alegre,Ombudsman
Felipe Costela,davi-lucaslopes@ig.com.br,28,Rocha,Coveiro/Sepultador
Camila Melo,brenogoncalves@hotmail.com,25,Jesus da Mata,Dublê
Sabrina Viana,mendesigor@bol.com.br,23,Alves das Pedras,Designer de jóia
Agatha Duarte,amandacarvalho@ig.com.br,67,Silveira,Hostess
Luiz Henrique Ribeiro,juliacorreia@nogueira.net,62,Moreira Grande,Espeleologista
Kamilly Gonçalves,emillyaragao@yahoo.com.br,22,Melo de Goiás,Segurança particular
Gabrielly Aragão,sabrinamoura@gmail.com,60,Cardoso,Arranjador musical
Dr. João Vitor Moura,ana-vitoriabarbosa@goncalves.com,26,da Costa de Ramos,Engenheiro de energia
Emanuel Fernandes,stella45@ig.com.br,51,Gonçalves,Tecnólogo em navegação fluvial
Srta. Maria Eduarda Farias,iancastro@rodrigues.org,49,Rocha,Pintor
Ana Beatriz Sales,asales@yahoo.com.br,21,Monteiro,Taxidermista/Embalsamador
Erick Barbosa,murilo61@barros.net,28,da Cunha da Praia,Ator
Kaique Cavalcanti,novaesagatha@castro.br,63,da Costa de Pires,Chefe de cozinha
Miguel Ramos,hduarte@gmail.com,56,Oliveira de Fogaça,Educador integrado à saúde pública
Sr. Igor Farias,yuriribeiro@gmail.com,24,Martins,Geólogo
Vinicius Almeida,eduardoda-mota@ig.com.br,47,da Costa de Fogaça,Tecnólogo em esporte e lazer
Davi Luiz da Rosa,pintocaue@yahoo.com.br,32,Rocha da Praia,Sushiman
Lívia Teixeira,erick06@da.br,32,Pinto de Cardoso,Tenista
Daniela Azevedo,pribeiro@yahoo.com.br,46,da Conceição,Atendente
Pedro Henrique Fernandes,da-cruzlivia@cunha.com,56,Araújo Alegre,Assistente administrativo
Vitória Vieira,da-rochatheo@bol.com.br,36,da Rosa das Pedras,Percursionista
Lavínia da Mota,davi-luizcosta@gmail.com,68,Ferreira do Oeste,Assistente administrativo
Sophia Nascimento,nascimentoalexia@ig.com.br,52,Silveira Grande,Skatista
Sra. Marcela Dias,cavalcantifrancisco@melo.com,19,Azevedo,Cartógrafo
Danilo Oliveira,isabel71@ferreira.br,34,Peixoto do Campo,Coloproctologista
Isabelly da Luz,sophiefernandes@teixeira.br,56,Barros do Campo,Berçarista
Larissa Castro,rochavalentina@hotmail.com,53,da Conceição,Transportador
Ana Laura Melo,sabrinalopes@cunha.com,50,Correia Verde,Roteirista
Carolina Novaes,beatrizcavalcanti@bol.com.br,42,Lima,Lactarista hospitalar
Manuela Gonçalves,davi-lucas16@yahoo.com.br,27,Castro da Mata,Engenheiro de iluminação
Maria Julia Fogaça,maria-ceciliaoliveira@peixoto.com,21,da Cunha de Farias,Auxiliar de serviços gerais
Eduarda das Neves,costaluiz-fernando@costa.br,66,da Paz,Bartender
Laís Barbosa,gomesmaria-eduarda@hotmail.com,37,Fernandes de da Mata,Gandula
Juliana Melo,isaacteixeira@bol.com.br,25,Costa,Assistente de câmera
Laís Azevedo,rezendelaura@duarte.com,23,da Mota de Fogaça,Tecnólogo em geoprocessamento
Amanda da Cruz,rochamaite@rodrigues.br,42,Castro de Minas,Coronel
Sophie Nogueira,thiago26@azevedo.org,45,da Mota das Flores,Engenheiro civil
Kamilly Martins,luiz-miguelda-conceicao@uol.com.br,65,Lima,Chargista
Julia da Mata,kmoreira@bol.com.br,33,da Mota,Patologista
Manuela da Rocha,gabrielaalmeida@uol.com.br,22,Costela,Astronauta
Ana Laura Caldeira,rochanicole@gmail.com,70,Lopes da Prata,Diagramador
Lorena Martins,murilocardoso@hotmail.com,51,Duarte Alegre,Confeiteiro
Felipe Silveira,luiz-miguelmendes@uol.com.br,20,Duarte,Dançarino
Rodrigo Peixoto,noahsales@santos.net,41,Gomes Grande,Segurança particular
Ana Sophia Fernandes,luiz-otavio31@gmail.com,48,Freitas de Goiás,Portuário
Eduardo Porto,sarah58@uol.com.br,51,da Cruz de Correia,Contador
Lívia Moura,ljesus@fernandes.org,60,Nunes,Engenheiro cartográfico
Kevin Silva,costaluiz-gustavo@souza.br,31,da Paz de da Rocha,Arqueólogo
Carolina da Luz,da-motajulia@yahoo.com.br,20,Gomes,Pediatra
Nina Barbosa,melissa24@yahoo.com.br,47,Campos,Eletricista
Bruna Martins,heloisa53@bol.com.br,70,da Cunha,Implantodontista
Pietro Gonçalves,benicio42@araujo.com,44,Costela da Mata,Corretor de imóveis
Stella Nunes,cunhamaria-cecilia@bol.com.br,56,Aragão de Correia,Mensageiro
Igor Martins,daragao@hotmail.com,30,Pires,Atleta de arremesso de peso
Sr. Davi Alves,goliveira@uol.com.br,34,Cavalcanti,Ginasta artística
Antônio Pires,maria-clara57@souza.com,49,da Paz da Serra,Técnico em aviação
Bernardo Novaes,isis80@gmail.com,32,da Luz das Flores,Químico
Danilo Lopes,moraesgabriela@hotmail.com,61,Santos de Azevedo,Tecnólogo em produção de bebidas
Rodrigo Novaes,silvadavi-lucca@santos.com,39,Fogaça de Pinto,Produtor musical
Anthony Vieira,cdas-neves@souza.br,33,Martins,Borracheiro
Emanuelly Duarte,aragaokaique@ig.com.br,35,Pires,Intérprete de Bíblias
Dra. Marina Costa,joao99@yahoo.com.br,35,da Conceição de Novaes,Paparazzo
Dra. Isabel Sales,bryanjesus@porto.br,64,Oliveira do Amparo,Jóquei
Daniela Jesus,gabriela26@ig.com.br,63,Peixoto,Produtor editorial
Clarice Araújo,ulopes@nogueira.com,70,Barros de Minas,Avalista
Mariane Mendes,maria-eduarda78@ig.com.br,27,Cunha de da Mata,Mágico
Dr. Pedro Sales,luana88@campos.br,62,Silva,Profissional de tecnologia de laticínios
Fernanda Caldeira,cdias@yahoo.com.br,59,Alves de Costela,Carteiro
Sr. Levi Araújo,maria-ceciliada-mota@bol.com.br,18,Dias,Implantodontista
Dra. Caroline Silva,feliperibeiro@uol.com.br,58,Dias do Amparo,Tecnólogo em produção de bebidas
Maria Eduarda Ribeiro,isadora80@da.com,63,Vieira,Prensista
Laís Cardoso,da-matajuan@cunha.br,33,Porto,Produtor editorial
Anthony da Rocha,zalmeida@sales.com,62,Souza da Mata,Figurante
Bianca Rezende,stellamendes@da.com,31,Correia Verde,Imunologista
Isadora da Mata,omoraes@gmail.com,56,da Mota da Mata,Fundidor
João Aragão,piresbernardo@bol.com.br,50,Pereira,Sociólogo
Leonardo Moreira,mendesenzo@yahoo.com.br,53,da Rocha,Leiteiro
Srta. Emilly Cardoso,ana-beatriz69@gmail.com,50,Peixoto de Caldeira,Assistente de produção
Dr. Pedro Lucas Pires,emanuellada-cunha@yahoo.com.br,69,Nunes Alegre,Corretor de seguros
Lara da Rocha,agathaporto@gmail.com,41,Sales de Viana,Office-boy
Davi Lucas Fernandes,ana-sophia91@gmail.com,23,Fernandes,Repositor
Maria da Cruz,ida-mata@hotmail.com,48,Pires da Prata,Técnico em óptica
Bárbara Barros,vitorbarros@uol.com.br,45,Freitas de Goiás,Nutrologista
Srta. Yasmin Almeida,kvieira@martins.br,45,Costa,Caça-talentos/Olheiro
Alexia Cardoso,muriloalves@yahoo.com.br,63,Fogaça,Perito criminal
Calebe Ferreira,nicolaspinto@monteiro.com,25,Cardoso,Cobrador de ônibus
Stephany Santos,ana-carolina52@nunes.org,39,Jesus Verde,Saxofonista
Bianca Cardoso,lda-luz@da.br,45,da Mata da Praia,Engenheiro florestal
Bernardo Teixeira,isisviana@rezende.com,43,Nogueira da Mata,Lubrificador de máquinas
Samuel Ferreira,kdias@bol.com.br,67,Viana,Profissional de educação física
Bryan Porto,piresalice@hotmail.com,46,Novaes,Trompetista
Caio Ramos,beatriznovaes@caldeira.com,59,Correia da Serra,Cartunista
Sr. Yuri Viana,aporto@da.br,54,Oliveira,Astrofísico
Otávio Novaes,juliamoraes@da.br,67,da Mota,Tecnólogo em tecnologia da madeira
Valentina Correia,maysapereira@ribeiro.net,23,da Luz,Peixeiro